"filename", "language", "JSON", "HTML", "TypeScript", "TOML", "Markdown", "JSON with Comments", "YAML", "Rust", "JavaScript", "PowerShell", "vue", "PostCSS", "XML", "comment", "blank", "total"
"c:\Users\steve\OneDrive\Desktop\Nova_A\.github\workflows\ci.yml", "YAML", 0, 0, 0, 0, 0, 0, 44, 0, 0, 0, 0, 0, 0, 0, 3, 47
"c:\Users\steve\OneDrive\Desktop\Nova_A\Cargo.lock", "TOML", 0, 0, 0, 420, 0, 0, 0, 0, 0, 0, 0, 0, 0, 2, 56, 478
"c:\Users\steve\OneDrive\Desktop\Nova_A\Cargo.toml", "TOML", 0, 0, 0, 24, 0, 0, 0, 0, 0, 0, 0, 0, 0, 0, 3, 27
"c:\Users\steve\OneDrive\Desktop\Nova_A\LICENSE.md", "Markdown", 0, 0, 0, 0, 17, 0, 0, 0, 0, 0, 0, 0, 0, 0, 5, 22
"c:\Users\steve\OneDrive\Desktop\Nova_A\README.md", "Markdown", 0, 0, 0, 0, 241, 0, 0, 0, 0, 0, 0, 0, 0, 0, 77, 318
"c:\Users\steve\OneDrive\Desktop\Nova_A\README.zh-CN.md", "Markdown", 0, 0, 0, 0, 241, 0, 0, 0, 0, 0, 0, 0, 0, 0, 76, 317
"c:\Users\steve\OneDrive\Desktop\Nova_A\crates\nova_format\Cargo.toml", "TOML", 0, 0, 0, 13, 0, 0, 0, 0, 0, 0, 0, 0, 0, 0, 4, 17
"c:\Users\steve\OneDrive\Desktop\Nova_A\crates\nova_format\src\lib.rs", "Rust", 0, 0, 0, 0, 0, 0, 0, 2715, 0, 0, 0, 0, 0, 1, 76, 2792
"c:\Users\steve\OneDrive\Desktop\Nova_A\crates\nova_math\Cargo.toml", "TOML", 0, 0, 0, 10, 0, 0, 0, 0, 0, 0, 0, 0, 0, 0, 3, 13
"c:\Users\steve\OneDrive\Desktop\Nova_A\crates\nova_math\src\lib.rs", "Rust", 0, 0, 0, 0, 0, 0, 0, 308, 0, 0, 0, 0, 0, 2, 44, 354
"c:\Users\steve\OneDrive\Desktop\Nova_A\crates\nova_physics\Cargo.toml", "TOML", 0, 0, 0, 13, 0, 0, 0, 0, 0, 0, 0, 0, 0, 0, 3, 16
"c:\Users\steve\OneDrive\Desktop\Nova_A\crates\nova_physics\src\body.rs", "Rust", 0, 0, 0, 0, 0, 0, 0, 393, 0, 0, 0, 0, 0, 0, 23, 416
"c:\Users\steve\OneDrive\Desktop\Nova_A\crates\nova_physics\src\collision\mod.rs", "Rust", 0, 0, 0, 0, 0, 0, 0, 322, 0, 0, 0, 0, 0, 0, 35, 357
"c:\Users\steve\OneDrive\Desktop\Nova_A\crates\nova_physics\src\lib.rs", "Rust", 0, 0, 0, 0, 0, 0, 0, 131, 0, 0, 0, 0, 0, 4, 27, 162
"c:\Users\steve\OneDrive\Desktop\Nova_A\crates\nova_physics\src\query\mod.rs", "Rust", 0, 0, 0, 0, 0, 0, 0, 437, 0, 0, 0, 0, 0, 0, 27, 464
"c:\Users\steve\OneDrive\Desktop\Nova_A\crates\nova_physics\src\rope\mod.rs", "Rust", 0, 0, 0, 0, 0, 0, 0, 1222, 0, 0, 0, 0, 0, 5, 56, 1283
"c:\Users\steve\OneDrive\Desktop\Nova_A\crates\nova_physics\src\solver\contact_solver.rs", "Rust", 0, 0, 0, 0, 0, 0, 0, 135, 0, 0, 0, 0, 0, 0, 11, 146
"c:\Users\steve\OneDrive\Desktop\Nova_A\crates\nova_physics\src\tests.rs", "Rust", 0, 0, 0, 0, 0, 0, 0, 895, 0, 0, 0, 0, 0, 0, 75, 970
"c:\Users\steve\OneDrive\Desktop\Nova_A\crates\nova_physics\src\world\legacy.rs", "Rust", 0, 0, 0, 0, 0, 0, 0, 462, 0, 0, 0, 0, 0, 0, 24, 486
"c:\Users\steve\OneDrive\Desktop\Nova_A\crates\nova_physics\src\world\persistent.rs", "Rust", 0, 0, 0, 0, 0, 0, 0, 403, 0, 0, 0, 0, 0, 9, 35, 447
"c:\Users\steve\OneDrive\Desktop\Nova_A\crates\nova_runtime\Cargo.toml", "TOML", 0, 0, 0, 14, 0, 0, 0, 0, 0, 0, 0, 0, 0, 0, 4, 18
"c:\Users\steve\OneDrive\Desktop\Nova_A\crates\nova_runtime\src\lib.rs", "Rust", 0, 0, 0, 0, 0, 0, 0, 734, 0, 0, 0, 0, 0, 6, 65, 805
"c:\Users\steve\OneDrive\Desktop\Nova_A\crates\nova_script\Cargo.toml", "TOML", 0, 0, 0, 14, 0, 0, 0, 0, 0, 0, 0, 0, 0, 0, 3, 17
"c:\Users\steve\OneDrive\Desktop\Nova_A\crates\nova_script\src\lib.rs", "Rust", 0, 0, 0, 0, 0, 0, 0, 1490, 0, 0, 0, 0, 0, 7, 68, 1565
"c:\Users\steve\OneDrive\Desktop\Nova_A\crates\nova_wasm\Cargo.toml", "TOML", 0, 0, 0, 17, 0, 0, 0, 0, 0, 0, 0, 0, 0, 0, 3, 20
"c:\Users\steve\OneDrive\Desktop\Nova_A\crates\nova_wasm\LICENSE.md", "Markdown", 0, 0, 0, 0, 17, 0, 0, 0, 0, 0, 0, 0, 0, 0, 6, 23
"c:\Users\steve\OneDrive\Desktop\Nova_A\crates\nova_wasm\src\lib.rs", "Rust", 0, 0, 0, 0, 0, 0, 0, 331, 0, 0, 0, 0, 0, 6, 45, 382
"c:\Users\steve\OneDrive\Desktop\Nova_A\index.html", "HTML", 0, 13, 0, 0, 0, 0, 0, 0, 0, 0, 0, 0, 0, 0, 2, 15
"c:\Users\steve\OneDrive\Desktop\Nova_A\manual\MANUAL.de.md", "Markdown", 0, 0, 0, 0, 230, 0, 0, 0, 0, 0, 0, 0, 0, 0, 142, 372
"c:\Users\steve\OneDrive\Desktop\Nova_A\manual\MANUAL.en.md", "Markdown", 0, 0, 0, 0, 342, 0, 0, 0, 0, 0, 0, 0, 0, 0, 191, 533
"c:\Users\steve\OneDrive\Desktop\Nova_A\manual\MANUAL.zh-CN.md", "Markdown", 0, 0, 0, 0, 272, 0, 0, 0, 0, 0, 0, 0, 0, 0, 154, 426
"c:\Users\steve\OneDrive\Desktop\Nova_A\manual\index.html", "HTML", 0, 108, 0, 0, 0, 0, 0, 0, 0, 0, 0, 0, 0, 0, 5, 113
"c:\Users\steve\OneDrive\Desktop\Nova_A\nova_core\Cargo.toml", "TOML", 0, 0, 0, 12, 0, 0, 0, 0, 0, 0, 0, 0, 0, 0, 3, 15
"c:\Users\steve\OneDrive\Desktop\Nova_A\nova_core\LICENSE.md", "Markdown", 0, 0, 0, 0, 17, 0, 0, 0, 0, 0, 0, 0, 0, 0, 5, 22
"c:\Users\steve\OneDrive\Desktop\Nova_A\nova_core\src\lib.rs", "Rust", 0, 0, 0, 0, 0, 0, 0, 1, 0, 0, 0, 0, 0, 2, 2, 5
"c:\Users\steve\OneDrive\Desktop\Nova_A\package.json", "JSON", 60, 0, 0, 0, 0, 0, 0, 0, 0, 0, 0, 0, 0, 0, 1, 61
"c:\Users\steve\OneDrive\Desktop\Nova_A\player.html", "HTML", 0, 12, 0, 0, 0, 0, 0, 0, 0, 0, 0, 0, 0, 0, 1, 13
"c:\Users\steve\OneDrive\Desktop\Nova_A\pnpm-lock.yaml", "YAML", 0, 0, 0, 0, 0, 0, 878, 0, 0, 0, 0, 0, 0, 0, 233, 1111
"c:\Users\steve\OneDrive\Desktop\Nova_A\release-audits\v2.4.0-edit-ledger.md", "Markdown", 0, 0, 0, 0, 52, 0, 0, 0, 0, 0, 0, 0, 0, 0, 14, 66
"c:\Users\steve\OneDrive\Desktop\Nova_A\release-audits\v2.6.0-edit-ledger.md", "Markdown", 0, 0, 0, 0, 73, 0, 0, 0, 0, 0, 0, 0, 0, 0, 18, 91
"c:\Users\steve\OneDrive\Desktop\Nova_A\release-audits\v2.6.0-release-notes.md", "Markdown", 0, 0, 0, 0, 37, 0, 0, 0, 0, 0, 0, 0, 0, 0, 12, 49
"c:\Users\steve\OneDrive\Desktop\Nova_A\release-audits\v2.7.0-edit-ledger.md", "Markdown", 0, 0, 0, 0, 48, 0, 0, 0, 0, 0, 0, 0, 0, 0, 16, 64
"c:\Users\steve\OneDrive\Desktop\Nova_A\release-audits\v2.7.0-release-notes.md", "Markdown", 0, 0, 0, 0, 57, 0, 0, 0, 0, 0, 0, 0, 0, 0, 21, 78
"c:\Users\steve\OneDrive\Desktop\Nova_A\release-audits\v2.8.0-edit-ledger.md", "Markdown", 0, 0, 0, 0, 62, 0, 0, 0, 0, 0, 0, 0, 0, 0, 20, 82
"c:\Users\steve\OneDrive\Desktop\Nova_A\release-audits\v2.8.0-release-notes.md", "Markdown", 0, 0, 0, 0, 51, 0, 0, 0, 0, 0, 0, 0, 0, 0, 16, 67
"c:\Users\steve\OneDrive\Desktop\Nova_A\release-audits\v2.9.0-edit-ledger.md", "Markdown", 0, 0, 0, 0, 55, 0, 0, 0, 0, 0, 0, 0, 0, 0, 19, 74
"c:\Users\steve\OneDrive\Desktop\Nova_A\release-audits\v2.9.0-release-notes.md", "Markdown", 0, 0, 0, 0, 22, 0, 0, 0, 0, 0, 0, 0, 0, 0, 11, 33
"c:\Users\steve\OneDrive\Desktop\Nova_A\releases\v2.6.0\LICENSE.md", "Markdown", 0, 0, 0, 0, 17, 0, 0, 0, 0, 0, 0, 0, 0, 0, 5, 22
"c:\Users\steve\OneDrive\Desktop\Nova_A\releases\v2.6.0\RELEASE_NOTES.md", "Markdown", 0, 0, 0, 0, 37, 0, 0, 0, 0, 0, 0, 0, 0, 0, 12, 49
"c:\Users\steve\OneDrive\Desktop\Nova_A\releases\v2.7.0\LICENSE.md", "Markdown", 0, 0, 0, 0, 17, 0, 0, 0, 0, 0, 0, 0, 0, 0, 5, 22
"c:\Users\steve\OneDrive\Desktop\Nova_A\releases\v2.7.0\RELEASE_NOTES.md", "Markdown", 0, 0, 0, 0, 57, 0, 0, 0, 0, 0, 0, 0, 0, 0, 21, 78
"c:\Users\steve\OneDrive\Desktop\Nova_A\releases\v2.8.0\LICENSE.md", "Markdown", 0, 0, 0, 0, 17, 0, 0, 0, 0, 0, 0, 0, 0, 0, 5, 22
"c:\Users\steve\OneDrive\Desktop\Nova_A\releases\v2.8.0\RELEASE_NOTES.md", "Markdown", 0, 0, 0, 0, 51, 0, 0, 0, 0, 0, 0, 0, 0, 0, 16, 67
"c:\Users\steve\OneDrive\Desktop\Nova_A\rust-toolchain.toml", "TOML", 0, 0, 0, 4, 0, 0, 0, 0, 0, 0, 0, 0, 0, 0, 1, 5
"c:\Users\steve\OneDrive\Desktop\Nova_A\scripts\audit-animation.mjs", "JavaScript", 0, 0, 0, 0, 0, 0, 0, 0, 30, 0, 0, 0, 0, 0, 4, 34
"c:\Users\steve\OneDrive\Desktop\Nova_A\scripts\audit-editor-shell.mjs", "JavaScript", 0, 0, 0, 0, 0, 0, 0, 0, 42, 0, 0, 0, 0, 0, 6, 48
"c:\Users\steve\OneDrive\Desktop\Nova_A\scripts\audit-manual.mjs", "JavaScript", 0, 0, 0, 0, 0, 0, 0, 0, 37, 0, 0, 0, 0, 0, 6, 43
"c:\Users\steve\OneDrive\Desktop\Nova_A\scripts\audit-rendering.mjs", "JavaScript", 0, 0, 0, 0, 0, 0, 0, 0, 38, 0, 0, 0, 0, 0, 5, 43
"c:\Users\steve\OneDrive\Desktop\Nova_A\scripts\audit-script-studio.mjs", "JavaScript", 0, 0, 0, 0, 0, 0, 0, 0, 29, 0, 0, 0, 0, 0, 4, 33
"c:\Users\steve\OneDrive\Desktop\Nova_A\scripts\audit-v2.5.mjs", "JavaScript", 0, 0, 0, 0, 0, 0, 0, 0, 36, 0, 0, 0, 0, 0, 8, 44
"c:\Users\steve\OneDrive\Desktop\Nova_A\scripts\audit-v2.6.mjs", "JavaScript", 0, 0, 0, 0, 0, 0, 0, 0, 37, 0, 0, 0, 0, 0, 5, 42
"c:\Users\steve\OneDrive\Desktop\Nova_A\scripts\audit-v2.7.mjs", "JavaScript", 0, 0, 0, 0, 0, 0, 0, 0, 33, 0, 0, 0, 0, 0, 11, 44
"c:\Users\steve\OneDrive\Desktop\Nova_A\scripts\audit-v2.8.mjs", "JavaScript", 0, 0, 0, 0, 0, 0, 0, 0, 68, 0, 0, 0, 0, 0, 12, 80
"c:\Users\steve\OneDrive\Desktop\Nova_A\scripts\audit-v2.9.mjs", "JavaScript", 0, 0, 0, 0, 0, 0, 0, 0, 41, 0, 0, 0, 0, 0, 11, 52
"c:\Users\steve\OneDrive\Desktop\Nova_A\scripts\nova-export.mjs", "JavaScript", 0, 0, 0, 0, 0, 0, 0, 0, 114, 0, 0, 0, 0, 0, 8, 122
"c:\Users\steve\OneDrive\Desktop\Nova_A\scripts\package-release.ps1", "PowerShell", 0, 0, 0, 0, 0, 0, 0, 0, 0, 59, 0, 0, 0, 0, 9, 68
"c:\Users\steve\OneDrive\Desktop\Nova_A\src-tauri\Cargo.lock", "TOML", 0, 0, 0, 4878, 0, 0, 0, 0, 0, 0, 0, 0, 0, 2, 512, 5392
"c:\Users\steve\OneDrive\Desktop\Nova_A\src-tauri\Cargo.toml", "TOML", 0, 0, 0, 20, 0, 0, 0, 0, 0, 0, 0, 0, 0, 4, 5, 29
"c:\Users\steve\OneDrive\Desktop\Nova_A\src-tauri\build.rs", "Rust", 0, 0, 0, 0, 0, 0, 0, 3, 0, 0, 0, 0, 0, 0, 1, 4
"c:\Users\steve\OneDrive\Desktop\Nova_A\src-tauri\capabilities\default.json", "JSON", 20, 0, 0, 0, 0, 0, 0, 0, 0, 0, 0, 0, 0, 0, 1, 21
"c:\Users\steve\OneDrive\Desktop\Nova_A\src-tauri\src\lib.rs", "Rust", 0, 0, 0, 0, 0, 0, 0, 994, 0, 0, 0, 0, 0, 0, 57, 1051
"c:\Users\steve\OneDrive\Desktop\Nova_A\src-tauri\src\main.rs", "Rust", 0, 0, 0, 0, 0, 0, 0, 4, 0, 0, 0, 0, 0, 1, 2, 7
"c:\Users\steve\OneDrive\Desktop\Nova_A\src-tauri\tauri.conf.json", "JSON", 38, 0, 0, 0, 0, 0, 0, 0, 0, 0, 0, 0, 0, 0, 1, 39
"c:\Users\steve\OneDrive\Desktop\Nova_A\src\App.vue", "vue", 0, 0, 0, 0, 0, 0, 0, 0, 0, 0, 28, 0, 0, 0, 4, 32
"c:\Users\steve\OneDrive\Desktop\Nova_A\src\PlayerApp.vue", "vue", 0, 0, 0, 0, 0, 0, 0, 0, 0, 0, 61, 0, 0, 0, 7, 68
"c:\Users\steve\OneDrive\Desktop\Nova_A\src\assets\AssetDatabase.ts", "TypeScript", 0, 0, 533, 0, 0, 0, 0, 0, 0, 0, 0, 0, 0, 2, 34, 569
"c:\Users\steve\OneDrive\Desktop\Nova_A\src\assets\TextureAtlas.ts", "TypeScript", 0, 0, 74, 0, 0, 0, 0, 0, 0, 0, 0, 0, 0, 0, 8, 82
"c:\Users\steve\OneDrive\Desktop\Nova_A\src\assets\assetGraph.ts", "TypeScript", 0, 0, 85, 0, 0, 0, 0, 0, 0, 0, 0, 0, 0, 0, 10, 95
"c:\Users\steve\OneDrive\Desktop\Nova_A\src\assets\icons\addLayer.svg", "XML", 0, 0, 0, 0, 0, 0, 0, 0, 0, 0, 0, 0, 6, 1, 5, 12
"c:\Users\steve\OneDrive\Desktop\Nova_A\src\assets\icons\arrow.svg", "XML", 0, 0, 0, 0, 0, 0, 0, 0, 0, 0, 0, 0, 6, 1, 5, 12
"c:\Users\steve\OneDrive\Desktop\Nova_A\src\assets\icons\color.svg", "XML", 0, 0, 0, 0, 0, 0, 0, 0, 0, 0, 0, 0, 6, 1, 5, 12
"c:\Users\steve\OneDrive\Desktop\Nova_A\src\assets\icons\layers.svg", "XML", 0, 0, 0, 0, 0, 0, 0, 0, 0, 0, 0, 0, 6, 1, 5, 12
"c:\Users\steve\OneDrive\Desktop\Nova_A\src\assets\icons\pictures.svg", "XML", 0, 0, 0, 0, 0, 0, 0, 0, 0, 0, 0, 0, 6, 1, 5, 12
"c:\Users\steve\OneDrive\Desktop\Nova_A\src\assets\icons\play.svg", "XML", 0, 0, 0, 0, 0, 0, 0, 0, 0, 0, 0, 0, 6, 1, 5, 12
"c:\Users\steve\OneDrive\Desktop\Nova_A\src\assets\icons\render.svg", "XML", 0, 0, 0, 0, 0, 0, 0, 0, 0, 0, 0, 0, 6, 1, 5, 12
"c:\Users\steve\OneDrive\Desktop\Nova_A\src\assets\icons\reset.svg", "XML", 0, 0, 0, 0, 0, 0, 0, 0, 0, 0, 0, 0, 6, 1, 5, 12
"c:\Users\steve\OneDrive\Desktop\Nova_A\src\assets\icons\scene.svg", "XML", 0, 0, 0, 0, 0, 0, 0, 0, 0, 0, 0, 0, 6, 1, 5, 12
"c:\Users\steve\OneDrive\Desktop\Nova_A\src\assets\icons\settings.svg", "XML", 0, 0, 0, 0, 0, 0, 0, 0, 0, 0, 0, 0, 6, 1, 5, 12
"c:\Users\steve\OneDrive\Desktop\Nova_A\src\assets\icons\stop.svg", "XML", 0, 0, 0, 0, 0, 0, 0, 0, 0, 0, 0, 0, 6, 1, 5, 12
"c:\Users\steve\OneDrive\Desktop\Nova_A\src\assets\import.worker.ts", "TypeScript", 0, 0, 21, 0, 0, 0, 0, 0, 0, 0, 0, 0, 0, 0, 3, 24
"c:\Users\steve\OneDrive\Desktop\Nova_A\src\assets\importPipeline.ts", "TypeScript", 0, 0, 184, 0, 0, 0, 0, 0, 0, 0, 0, 0, 0, 0, 21, 205
"c:\Users\steve\OneDrive\Desktop\Nova_A\src\assets\main.css", "PostCSS", 0, 0, 0, 0, 0, 0, 0, 0, 0, 0, 0, 246, 0, 0, 24, 270
"c:\Users\steve\OneDrive\Desktop\Nova_A\src\assets\projectFolder.ts", "TypeScript", 0, 0, 54, 0, 0, 0, 0, 0, 0, 0, 0, 0, 0, 0, 7, 61
"c:\Users\steve\OneDrive\Desktop\Nova_A\src\assets\types.ts", "TypeScript", 0, 0, 108, 0, 0, 0, 0, 0, 0, 0, 0, 0, 0, 1, 13, 122
"c:\Users\steve\OneDrive\Desktop\Nova_A\src\components\ActionBar.vue", "vue", 0, 0, 0, 0, 0, 0, 0, 0, 0, 0, 66, 0, 0, 0, 8, 74
"c:\Users\steve\OneDrive\Desktop\Nova_A\src\components\AnimationPanel.vue", "vue", 0, 0, 0, 0, 0, 0, 0, 0, 0, 0, 178, 0, 0, 0, 15, 193
"c:\Users\steve\OneDrive\Desktop\Nova_A\src\components\BuildSettingsPanel.vue", "vue", 0, 0, 0, 0, 0, 0, 0, 0, 0, 0, 103, 0, 0, 0, 8, 111
"c:\Users\steve\OneDrive\Desktop\Nova_A\src\components\CommandPalette.vue", "vue", 0, 0, 0, 0, 0, 0, 0, 0, 0, 0, 97, 0, 0, 0, 8, 105
"c:\Users\steve\OneDrive\Desktop\Nova_A\src\components\ConfigPanel.vue", "vue", 0, 0, 0, 0, 0, 0, 0, 0, 0, 0, 696, 0, 0, 0, 35, 731
"c:\Users\steve\OneDrive\Desktop\Nova_A\src\components\ConfirmDialog.vue", "vue", 0, 0, 0, 0, 0, 0, 0, 0, 0, 0, 50, 0, 0, 0, 7, 57
"c:\Users\steve\OneDrive\Desktop\Nova_A\src\components\ConnectionBuilder.vue", "vue", 0, 0, 0, 0, 0, 0, 0, 0, 0, 0, 496, 0, 0, 0, 38, 534
"c:\Users\steve\OneDrive\Desktop\Nova_A\src\components\ConsolePanel.vue", "vue", 0, 0, 0, 0, 0, 0, 0, 0, 0, 0, 54, 0, 0, 0, 5, 59
"c:\Users\steve\OneDrive\Desktop\Nova_A\src\components\ContextMenu.vue", "vue", 0, 0, 0, 0, 0, 0, 0, 0, 0, 0, 85, 0, 0, 0, 7, 92
"c:\Users\steve\OneDrive\Desktop\Nova_A\src\components\EditorBottomPanel.vue", "vue", 0, 0, 0, 0, 0, 0, 0, 0, 0, 0, 402, 0, 0, 0, 15, 417
"c:\Users\steve\OneDrive\Desktop\Nova_A\src\components\LayerBar.vue", "vue", 0, 0, 0, 0, 0, 0, 0, 0, 0, 0, 9, 0, 0, 0, 1, 10
"c:\Users\steve\OneDrive\Desktop\Nova_A\src\components\ManualViewer.vue", "vue", 0, 0, 0, 0, 0, 0, 0, 0, 0, 0, 19, 0, 0, 0, 4, 23
"c:\Users\steve\OneDrive\Desktop\Nova_A\src\components\PackageManagerPanel.vue", "vue", 0, 0, 0, 0, 0, 0, 0, 0, 0, 0, 150, 0, 0, 0, 4, 154
"c:\Users\steve\OneDrive\Desktop\Nova_A\src\components\PhysicsRuntimePanel.vue", "vue", 0, 0, 0, 0, 0, 0, 0, 0, 0, 0, 131, 0, 0, 0, 9, 140
"c:\Users\steve\OneDrive\Desktop\Nova_A\src\components\PluginSettings.vue", "vue", 0, 0, 0, 0, 0, 0, 0, 0, 0, 0, 61, 0, 0, 0, 6, 67
"c:\Users\steve\OneDrive\Desktop\Nova_A\src\components\PresentationPanel.vue", "vue", 0, 0, 0, 0, 0, 0, 0, 0, 0, 0, 136, 0, 0, 0, 10, 146
"c:\Users\steve\OneDrive\Desktop\Nova_A\src\components\ProfilerPanel.vue", "vue", 0, 0, 0, 0, 0, 0, 0, 0, 0, 0, 260, 0, 0, 0, 18, 278
"c:\Users\steve\OneDrive\Desktop\Nova_A\src\components\ProjectManager.vue", "vue", 0, 0, 0, 0, 0, 0, 0, 0, 0, 0, 114, 0, 0, 0, 10, 124
"c:\Users\steve\OneDrive\Desktop\Nova_A\src\components\RenderingPanel.vue", "vue", 0, 0, 0, 0, 0, 0, 0, 0, 0, 0, 89, 0, 0, 0, 7, 96
"c:\Users\steve\OneDrive\Desktop\Nova_A\src\components\RuntimeComponentsInspector.vue", "vue", 0, 0, 0, 0, 0, 0, 0, 0, 0, 0, 273, 0, 0, 0, 19, 292
"c:\Users\steve\OneDrive\Desktop\Nova_A\src\components\SaveDataSettings.vue", "vue", 0, 0, 0, 0, 0, 0, 0, 0, 0, 0, 27, 0, 0, 0, 4, 31
"c:\Users\steve\OneDrive\Desktop\Nova_A\src\components\SceneSideBar.vue", "vue", 0, 0, 0, 0, 0, 0, 0, 0, 0, 0, 212, 0, 0, 0, 15, 227
"c:\Users\steve\OneDrive\Desktop\Nova_A\src\components\ScriptStudio.vue", "vue", 0, 0, 0, 0, 0, 0, 0, 0, 0, 0, 221, 0, 0, 0, 19, 240
"c:\Users\steve\OneDrive\Desktop\Nova_A\src\components\TeamWorkflowPanel.vue", "vue", 0, 0, 0, 0, 0, 0, 0, 0, 0, 0, 63, 0, 0, 0, 4, 67
"c:\Users\steve\OneDrive\Desktop\Nova_A\src\components\TilemapPanel.vue", "vue", 0, 0, 0, 0, 0, 0, 0, 0, 0, 0, 160, 0, 0, 0, 7, 167
"c:\Users\steve\OneDrive\Desktop\Nova_A\src\components\ToolBar.vue", "vue", 0, 0, 0, 0, 0, 0, 0, 0, 0, 0, 91, 0, 0, 0, 10, 101
"c:\Users\steve\OneDrive\Desktop\Nova_A\src\components\WorkspaceBar.vue", "vue", 0, 0, 0, 0, 0, 0, 0, 0, 0, 0, 44, 0, 0, 0, 5, 49
"c:\Users\steve\OneDrive\Desktop\Nova_A\src\components\WorldCanvas.vue", "vue", 0, 0, 0, 0, 0, 0, 0, 0, 0, 0, 1023, 0, 0, 0, 69, 1092
"c:\Users\steve\OneDrive\Desktop\Nova_A\src\components\WorldToolsPanel.vue", "vue", 0, 0, 0, 0, 0, 0, 0, 0, 0, 0, 114, 0, 0, 0, 13, 127
"c:\Users\steve\OneDrive\Desktop\Nova_A\src\editor\animationStudioState.ts", "TypeScript", 0, 0, 50, 0, 0, 0, 0, 0, 0, 0, 0, 0, 0, 1, 6, 57
"c:\Users\steve\OneDrive\Desktop\Nova_A\src\editor\commands.ts", "TypeScript", 0, 0, 90, 0, 0, 0, 0, 0, 0, 0, 0, 0, 0, 5, 14, 109
"c:\Users\steve\OneDrive\Desktop\Nova_A\src\editor\gizmo.ts", "TypeScript", 0, 0, 84, 0, 0, 0, 0, 0, 0, 0, 0, 0, 0, 0, 11, 95
"c:\Users\steve\OneDrive\Desktop\Nova_A\src\editor\scriptApi.ts", "TypeScript", 0, 0, 69, 0, 0, 0, 0, 0, 0, 0, 0, 0, 0, 3, 4, 76
"c:\Users\steve\OneDrive\Desktop\Nova_A\src\editor\scriptLanguage.ts", "TypeScript", 0, 0, 86, 0, 0, 0, 0, 0, 0, 0, 0, 0, 0, 1, 11, 98
"c:\Users\steve\OneDrive\Desktop\Nova_A\src\editor\scriptLanguage.worker.ts", "TypeScript", 0, 0, 4, 0, 0, 0, 0, 0, 0, 0, 0, 0, 0, 0, 2, 6
"c:\Users\steve\OneDrive\Desktop\Nova_A\src\editor\scriptStudioState.ts", "TypeScript", 0, 0, 15, 0, 0, 0, 0, 0, 0, 0, 0, 0, 0, 0, 4, 19
"c:\Users\steve\OneDrive\Desktop\Nova_A\src\editor\selection.ts", "TypeScript", 0, 0, 51, 0, 0, 0, 0, 0, 0, 0, 0, 0, 0, 1, 7, 59
"c:\Users\steve\OneDrive\Desktop\Nova_A\src\editor\workspaces.ts", "TypeScript", 0, 0, 112, 0, 0, 0, 0, 0, 0, 0, 0, 0, 0, 1, 14, 127
"c:\Users\steve\OneDrive\Desktop\Nova_A\src\i18n.ts", "TypeScript", 0, 0, 435, 0, 0, 0, 0, 0, 0, 0, 0, 0, 0, 0, 35, 470
"c:\Users\steve\OneDrive\Desktop\Nova_A\src\layout\EditorLayout.vue", "vue", 0, 0, 0, 0, 0, 0, 0, 0, 0, 0, 81, 0, 0, 0, 9, 90
"c:\Users\steve\OneDrive\Desktop\Nova_A\src\layout\SideBar.vue", "vue", 0, 0, 0, 0, 0, 0, 0, 0, 0, 0, 40, 0, 0, 0, 4, 44
"c:\Users\steve\OneDrive\Desktop\Nova_A\src\layout\StatusBar.vue", "vue", 0, 0, 0, 0, 0, 0, 0, 0, 0, 0, 11, 0, 0, 0, 1, 12
"c:\Users\steve\OneDrive\Desktop\Nova_A\src\layout\TopBar.vue", "vue", 0, 0, 0, 0, 0, 0, 0, 0, 0, 0, 205, 0, 0, 0, 9, 214
"c:\Users\steve\OneDrive\Desktop\Nova_A\src\main.ts", "TypeScript", 0, 0, 6, 0, 0, 0, 0, 0, 0, 0, 0, 0, 0, 0, 2, 8
"c:\Users\steve\OneDrive\Desktop\Nova_A\src\panels\RendererPanel.vue", "vue", 0, 0, 0, 0, 0, 0, 0, 0, 0, 0, 10, 0, 0, 0, 3, 13
"c:\Users\steve\OneDrive\Desktop\Nova_A\src\panels\ScenePanel.vue", "vue", 0, 0, 0, 0, 0, 0, 0, 0, 0, 0, 10, 0, 0, 0, 3, 13
"c:\Users\steve\OneDrive\Desktop\Nova_A\src\panels\SettingsPanel.vue", "vue", 0, 0, 0, 0, 0, 0, 0, 0, 0, 0, 316, 0, 0, 0, 30, 346
"c:\Users\steve\OneDrive\Desktop\Nova_A\src\player.ts", "TypeScript", 0, 0, 6, 0, 0, 0, 0, 0, 0, 0, 0, 0, 0, 0, 2, 8
"c:\Users\steve\OneDrive\Desktop\Nova_A\src\projects\projectFormat.ts", "TypeScript", 0, 0, 19, 0, 0, 0, 0, 0, 0, 0, 0, 0, 0, 0, 3, 22
"c:\Users\steve\OneDrive\Desktop\Nova_A\src\projects\projectManager.ts", "TypeScript", 0, 0, 157, 0, 0, 0, 0, 0, 0, 0, 0, 0, 0, 0, 17, 174
"c:\Users\steve\OneDrive\Desktop\Nova_A\src\projects\projectSession.ts", "TypeScript", 0, 0, 58, 0, 0, 0, 0, 0, 0, 0, 0, 0, 0, 0, 11, 69
"c:\Users\steve\OneDrive\Desktop\Nova_A\src\projects\templates.ts", "TypeScript", 0, 0, 354, 0, 0, 0, 0, 0, 0, 0, 0, 0, 0, 2, 27, 383
"c:\Users\steve\OneDrive\Desktop\Nova_A\src\renderer\Canvas2DRenderer.ts", "TypeScript", 0, 0, 254, 0, 0, 0, 0, 0, 0, 0, 0, 0, 0, 0, 11, 265
"c:\Users\steve\OneDrive\Desktop\Nova_A\src\renderer\WebGL2Renderer.ts", "TypeScript", 0, 0, 585, 0, 0, 0, 0, 0, 0, 0, 0, 0, 0, 0, 41, 626
"c:\Users\steve\OneDrive\Desktop\Nova_A\src\renderer\geometry.ts", "TypeScript", 0, 0, 128, 0, 0, 0, 0, 0, 0, 0, 0, 0, 0, 0, 8, 136
"c:\Users\steve\OneDrive\Desktop\Nova_A\src\renderer\index.ts", "TypeScript", 0, 0, 12, 0, 0, 0, 0, 0, 0, 0, 0, 0, 0, 0, 3, 15
"c:\Users\steve\OneDrive\Desktop\Nova_A\src\renderer\lighting2d.ts", "TypeScript", 0, 0, 221, 0, 0, 0, 0, 0, 0, 0, 0, 0, 0, 0, 16, 237
"c:\Users\steve\OneDrive\Desktop\Nova_A\src\renderer\materials.ts", "TypeScript", 0, 0, 111, 0, 0, 0, 0, 0, 0, 0, 0, 0, 0, 0, 12, 123
"c:\Users\steve\OneDrive\Desktop\Nova_A\src\renderer\renderGraph.ts", "TypeScript", 0, 0, 40, 0, 0, 0, 0, 0, 0, 0, 0, 0, 0, 0, 4, 44
"c:\Users\steve\OneDrive\Desktop\Nova_A\src\renderer\renderSettings.ts", "TypeScript", 0, 0, 69, 0, 0, 0, 0, 0, 0, 0, 0, 0, 0, 0, 9, 78
"c:\Users\steve\OneDrive\Desktop\Nova_A\src\renderer\renderTextures.ts", "TypeScript", 0, 0, 19, 0, 0, 0, 0, 0, 0, 0, 0, 0, 0, 0, 3, 22
"c:\Users\steve\OneDrive\Desktop\Nova_A\src\renderer\sceneRenderer.ts", "TypeScript", 0, 0, 186, 0, 0, 0, 0, 0, 0, 0, 0, 0, 0, 0, 13, 199
"c:\Users\steve\OneDrive\Desktop\Nova_A\src\renderer\types.ts", "TypeScript", 0, 0, 113, 0, 0, 0, 0, 0, 0, 0, 0, 0, 0, 0, 15, 128
"c:\Users\steve\OneDrive\Desktop\Nova_A\src\runtime\GameplayRuntime.ts", "TypeScript", 0, 0, 784, 0, 0, 0, 0, 0, 0, 0, 0, 0, 0, 0, 50, 834
"c:\Users\steve\OneDrive\Desktop\Nova_A\src\runtime\aiTools.ts", "TypeScript", 0, 0, 45, 0, 0, 0, 0, 0, 0, 0, 0, 0, 0, 0, 8, 53
"c:\Users\steve\OneDrive\Desktop\Nova_A\src\runtime\animation.ts", "TypeScript", 0, 0, 436, 0, 0, 0, 0, 0, 0, 0, 0, 0, 0, 0, 40, 476
"c:\Users\steve\OneDrive\Desktop\Nova_A\src\runtime\audio.ts", "TypeScript", 0, 0, 386, 0, 0, 0, 0, 0, 0, 0, 0, 0, 0, 1, 36, 423
"c:\Users\steve\OneDrive\Desktop\Nova_A\src\runtime\buildSettings.ts", "TypeScript", 0, 0, 179, 0, 0, 0, 0, 0, 0, 0, 0, 0, 0, 0, 20, 199
"c:\Users\steve\OneDrive\Desktop\Nova_A\src\runtime\crashReporter.ts", "TypeScript", 0, 0, 51, 0, 0, 0, 0, 0, 0, 0, 0, 0, 0, 3, 6, 60
"c:\Users\steve\OneDrive\Desktop\Nova_A\src\runtime\dataResources.ts", "TypeScript", 0, 0, 86, 0, 0, 0, 0, 0, 0, 0, 0, 0, 0, 0, 12, 98
"c:\Users\steve\OneDrive\Desktop\Nova_A\src\runtime\gameExporter.ts", "TypeScript", 0, 0, 164, 0, 0, 0, 0, 0, 0, 0, 0, 0, 0, 0, 16, 180
"c:\Users\steve\OneDrive\Desktop\Nova_A\src\runtime\gameUi.ts", "TypeScript", 0, 0, 359, 0, 0, 0, 0, 0, 0, 0, 0, 0, 0, 0, 30, 389
"c:\Users\steve\OneDrive\Desktop\Nova_A\src\runtime\input.ts", "TypeScript", 0, 0, 196, 0, 0, 0, 0, 0, 0, 0, 0, 0, 0, 1, 18, 215
"c:\Users\steve\OneDrive\Desktop\Nova_A\src\runtime\jobScheduler.ts", "TypeScript", 0, 0, 78, 0, 0, 0, 0, 0, 0, 0, 0, 0, 0, 0, 11, 89
"c:\Users\steve\OneDrive\Desktop\Nova_A\src\runtime\jobScheduler.worker.ts", "TypeScript", 0, 0, 32, 0, 0, 0, 0, 0, 0, 0, 0, 0, 0, 0, 4, 36
"c:\Users\steve\OneDrive\Desktop\Nova_A\src\runtime\localization.ts", "TypeScript", 0, 0, 185, 0, 0, 0, 0, 0, 0, 0, 0, 0, 0, 0, 25, 210
"c:\Users\steve\OneDrive\Desktop\Nova_A\src\runtime\navigation2d.ts", "TypeScript", 0, 0, 222, 0, 0, 0, 0, 0, 0, 0, 0, 0, 0, 0, 22, 244
"c:\Users\steve\OneDrive\Desktop\Nova_A\src\runtime\networking.ts", "TypeScript", 0, 0, 220, 0, 0, 0, 0, 0, 0, 0, 0, 0, 0, 0, 16, 236
"c:\Users\steve\OneDrive\Desktop\Nova_A\src\runtime\novaPak.ts", "TypeScript", 0, 0, 197, 0, 0, 0, 0, 0, 0, 0, 0, 0, 0, 0, 20, 217
"c:\Users\steve\OneDrive\Desktop\Nova_A\src\runtime\objectPool.ts", "TypeScript", 0, 0, 44, 0, 0, 0, 0, 0, 0, 0, 0, 0, 0, 0, 9, 53
"c:\Users\steve\OneDrive\Desktop\Nova_A\src\runtime\openManual.ts", "TypeScript", 0, 0, 7, 0, 0, 0, 0, 0, 0, 0, 0, 0, 0, 1, 4, 12
"c:\Users\steve\OneDrive\Desktop\Nova_A\src\runtime\packages.ts", "TypeScript", 0, 0, 258, 0, 0, 0, 0, 0, 0, 0, 0, 0, 0, 1, 28, 287
"c:\Users\steve\OneDrive\Desktop\Nova_A\src\runtime\particles.ts", "TypeScript", 0, 0, 156, 0, 0, 0, 0, 0, 0, 0, 0, 0, 0, 0, 16, 172
"c:\Users\steve\OneDrive\Desktop\Nova_A\src\runtime\performanceTools.ts", "TypeScript", 0, 0, 115, 0, 0, 0, 0, 0, 0, 0, 0, 0, 0, 2, 13, 130
"c:\Users\steve\OneDrive\Desktop\Nova_A\src\runtime\physics2d.ts", "TypeScript", 0, 0, 17, 0, 0, 0, 0, 0, 0, 0, 0, 0, 0, 1, 2, 20
"c:\Users\steve\OneDrive\Desktop\Nova_A\src\runtime\physicsDebug.ts", "TypeScript", 0, 0, 11, 0, 0, 0, 0, 0, 0, 0, 0, 0, 0, 0, 2, 13
"c:\Users\steve\OneDrive\Desktop\Nova_A\src\runtime\physicsMonitor.ts", "TypeScript", 0, 0, 171, 0, 0, 0, 0, 0, 0, 0, 0, 0, 0, 3, 14, 188
"c:\Users\steve\OneDrive\Desktop\Nova_A\src\runtime\plugins.ts", "TypeScript", 0, 0, 193, 0, 0, 0, 0, 0, 0, 0, 0, 0, 0, 0, 17, 210
"c:\Users\steve\OneDrive\Desktop\Nova_A\src\runtime\prefabs.ts", "TypeScript", 0, 0, 308, 0, 0, 0, 0, 0, 0, 0, 0, 0, 0, 0, 21, 329
"c:\Users\steve\OneDrive\Desktop\Nova_A\src\runtime\presentation.ts", "TypeScript", 0, 0, 39, 0, 0, 0, 0, 0, 0, 0, 0, 0, 0, 0, 6, 45
"c:\Users\steve\OneDrive\Desktop\Nova_A\src\runtime\production.ts", "TypeScript", 0, 0, 160, 0, 0, 0, 0, 0, 0, 0, 0, 0, 0, 0, 14, 174
"c:\Users\steve\OneDrive\Desktop\Nova_A\src\runtime\productionRuntime.ts", "TypeScript", 0, 0, 32, 0, 0, 0, 0, 0, 0, 0, 0, 0, 0, 0, 4, 36
"c:\Users\steve\OneDrive\Desktop\Nova_A\src\runtime\profiler.ts", "TypeScript", 0, 0, 45, 0, 0, 0, 0, 0, 0, 0, 0, 0, 0, 0, 6, 51
"c:\Users\steve\OneDrive\Desktop\Nova_A\src\runtime\projectUpgrade.ts", "TypeScript", 0, 0, 70, 0, 0, 0, 0, 0, 0, 0, 0, 0, 0, 0, 8, 78
"c:\Users\steve\OneDrive\Desktop\Nova_A\src\runtime\replay.ts", "TypeScript", 0, 0, 107, 0, 0, 0, 0, 0, 0, 0, 0, 0, 0, 0, 15, 122
"c:\Users\steve\OneDrive\Desktop\Nova_A\src\runtime\rigging.ts", "TypeScript", 0, 0, 252, 0, 0, 0, 0, 0, 0, 0, 0, 0, 0, 0, 22, 274
"c:\Users\steve\OneDrive\Desktop\Nova_A\src\runtime\saveGame.ts", "TypeScript", 0, 0, 144, 0, 0, 0, 0, 0, 0, 0, 0, 0, 0, 1, 18, 163
"c:\Users\steve\OneDrive\Desktop\Nova_A\src\runtime\scriptDebug.ts", "TypeScript", 0, 0, 68, 0, 0, 0, 0, 0, 0, 0, 0, 0, 0, 0, 11, 79
"c:\Users\steve\OneDrive\Desktop\Nova_A\src\runtime\scriptSettings.ts", "TypeScript", 0, 0, 24, 0, 0, 0, 0, 0, 0, 0, 0, 0, 0, 0, 5, 29
"c:\Users\steve\OneDrive\Desktop\Nova_A\src\runtime\shipping.ts", "TypeScript", 0, 0, 40, 0, 0, 0, 0, 0, 0, 0, 0, 0, 0, 1, 7, 48
"c:\Users\steve\OneDrive\Desktop\Nova_A\src\runtime\teamWorkflow.ts", "TypeScript", 0, 0, 189, 0, 0, 0, 0, 0, 0, 0, 0, 0, 0, 1, 28, 218
"c:\Users\steve\OneDrive\Desktop\Nova_A\src\runtime\testRunner.ts", "TypeScript", 0, 0, 84, 0, 0, 0, 0, 0, 0, 0, 0, 0, 0, 0, 9, 93
"c:\Users\steve\OneDrive\Desktop\Nova_A\src\runtime\tilemap.ts", "TypeScript", 0, 0, 473, 0, 0, 0, 0, 0, 0, 0, 0, 0, 0, 3, 41, 517
"c:\Users\steve\OneDrive\Desktop\Nova_A\src\runtime\time.ts", "TypeScript", 0, 0, 72, 0, 0, 0, 0, 0, 0, 0, 0, 0, 0, 0, 14, 86
"c:\Users\steve\OneDrive\Desktop\Nova_A\src\runtime\timeline.ts", "TypeScript", 0, 0, 100, 0, 0, 0, 0, 0, 0, 0, 0, 0, 0, 0, 13, 113
"c:\Users\steve\OneDrive\Desktop\Nova_A\src\runtime\uiTheme.ts", "TypeScript", 0, 0, 99, 0, 0, 0, 0, 0, 0, 0, 0, 0, 0, 0, 12, 111
"c:\Users\steve\OneDrive\Desktop\Nova_A\src\runtime\worldGameplay.ts", "TypeScript", 0, 0, 197, 0, 0, 0, 0, 0, 0, 0, 0, 0, 0, 2, 20, 219
"c:\Users\steve\OneDrive\Desktop\Nova_A\src\store\dialog.ts", "TypeScript", 0, 0, 29, 0, 0, 0, 0, 0, 0, 0, 0, 0, 0, 0, 7, 36
"c:\Users\steve\OneDrive\Desktop\Nova_A\src\store\editor.ts", "TypeScript", 0, 0, 162, 0, 0, 0, 0, 0, 0, 0, 0, 0, 0, 0, 17, 179
"c:\Users\steve\OneDrive\Desktop\Nova_A\src\store\physics.ts", "TypeScript", 0, 0, 1722, 0, 0, 0, 0, 0, 0, 0, 0, 0, 0, 7, 126, 1855
"c:\Users\steve\OneDrive\Desktop\Nova_A\src\store\preferences.ts", "TypeScript", 0, 0, 122, 0, 0, 0, 0, 0, 0, 0, 0, 0, 0, 0, 16, 138
"c:\Users\steve\OneDrive\Desktop\Nova_A\src\vite-env.d.ts", "TypeScript", 0, 0, 4, 0, 0, 0, 0, 0, 0, 0, 0, 0, 0, 1, 1, 6
"c:\Users\steve\OneDrive\Desktop\Nova_A\src\world\BoxEntity.ts", "TypeScript", 0, 0, 26, 0, 0, 0, 0, 0, 0, 0, 0, 0, 0, 2, 4, 32
"c:\Users\steve\OneDrive\Desktop\Nova_A\src\world\Camera.ts", "TypeScript", 0, 0, 29, 0, 0, 0, 0, 0, 0, 0, 0, 0, 0, 4, 8, 41
"c:\Users\steve\OneDrive\Desktop\Nova_A\src\world\CircleEntity.ts", "TypeScript", 0, 0, 17, 0, 0, 0, 0, 0, 0, 0, 0, 0, 0, 1, 3, 21
"c:\Users\steve\OneDrive\Desktop\Nova_A\src\world\Connection.ts", "TypeScript", 0, 0, 778, 0, 0, 0, 0, 0, 0, 0, 0, 0, 0, 0, 55, 833
"c:\Users\steve\OneDrive\Desktop\Nova_A\src\world\Entity.ts", "TypeScript", 0, 0, 169, 0, 0, 0, 0, 0, 0, 0, 0, 0, 0, 1, 19, 189
"c:\Users\steve\OneDrive\Desktop\Nova_A\src\world\SceneManager.ts", "TypeScript", 0, 0, 89, 0, 0, 0, 0, 0, 0, 0, 0, 0, 0, 3, 15, 107
"c:\Users\steve\OneDrive\Desktop\Nova_A\src\world\Transform.ts", "TypeScript", 0, 0, 15, 0, 0, 0, 0, 0, 0, 0, 0, 0, 0, 0, 3, 18
"c:\Users\steve\OneDrive\Desktop\Nova_A\src\world\TriangleEntity.ts", "TypeScript", 0, 0, 24, 0, 0, 0, 0, 0, 0, 0, 0, 0, 0, 2, 4, 30
"c:\Users\steve\OneDrive\Desktop\Nova_A\src\world\World.ts", "TypeScript", 0, 0, 727, 0, 0, 0, 0, 0, 0, 0, 0, 0, 0, 2, 58, 787
"c:\Users\steve\OneDrive\Desktop\Nova_A\src\world\componentRegistry.ts", "TypeScript", 0, 0, 60, 0, 0, 0, 0, 0, 0, 0, 0, 0, 0, 0, 6, 66
"c:\Users\steve\OneDrive\Desktop\Nova_A\src\world\components.ts", "TypeScript", 0, 0, 675, 0, 0, 0, 0, 0, 0, 0, 0, 0, 0, 0, 93, 768
"c:\Users\steve\OneDrive\Desktop\Nova_A\src\world\compoundGeometry.ts", "TypeScript", 0, 0, 116, 0, 0, 0, 0, 0, 0, 0, 0, 0, 0, 0, 12, 128
"c:\Users\steve\OneDrive\Desktop\Nova_A\src\world\geometry.ts", "TypeScript", 0, 0, 279, 0, 0, 0, 0, 0, 0, 0, 0, 0, 0, 0, 30, 309
"c:\Users\steve\OneDrive\Desktop\Nova_A\src\world\hierarchy.ts", "TypeScript", 0, 0, 127, 0, 0, 0, 0, 0, 0, 0, 0, 0, 0, 0, 11, 138
"c:\Users\steve\OneDrive\Desktop\Nova_A\src\world\identity.ts", "TypeScript", 0, 0, 18, 0, 0, 0, 0, 0, 0, 0, 0, 0, 0, 0, 4, 22
"c:\Users\steve\OneDrive\Desktop\Nova_A\src\world\layers.ts", "TypeScript", 0, 0, 40, 0, 0, 0, 0, 0, 0, 0, 0, 0, 0, 0, 5, 45
"c:\Users\steve\OneDrive\Desktop\Nova_A\src\world\types.ts", "TypeScript", 0, 0, 4, 0, 0, 0, 0, 0, 0, 0, 0, 0, 0, 0, 1, 5
"c:\Users\steve\OneDrive\Desktop\Nova_A\tests\fixtures\v1_1_2_project.json", "JSON", 58, 0, 0, 0, 0, 0, 0, 0, 0, 0, 0, 0, 0, 0, 1, 59
"c:\Users\steve\OneDrive\Desktop\Nova_A\tsconfig.json", "JSON with Comments", 0, 0, 0, 0, 0, 21, 0, 0, 0, 0, 0, 0, 0, 2, 3, 26
"c:\Users\steve\OneDrive\Desktop\Nova_A\tsconfig.node.json", "JSON", 10, 0, 0, 0, 0, 0, 0, 0, 0, 0, 0, 0, 0, 0, 1, 11
"c:\Users\steve\OneDrive\Desktop\Nova_A\vite.config.ts", "TypeScript", 0, 0, 50, 0, 0, 0, 0, 0, 0, 0, 0, 0, 0, 7, 5, 62
"Total", "-", 186, 133, 16770, 5439, 2030, 21, 922, 10980, 505, 59, 6186, 246, 66, 132, 4627, 48302